id,address
1,452 Cobblestone St.
2,"Hyattsville, MD 20782"
3,9648 Philmont Lane
4,"Hanover Park, IL 60133"
5,8438 North Fairground Court
6,"Woodstock, GA 30188"
7,148 Catherine Dr.
8,"Lithonia, GA 30038"
9,708 6th Drive
10,"Egg Harbor Township, NJ 08234"
11,8992 Union Rd.
12,"Villa Park, IL 60181"
13,12 Windsor St.
14,"Waynesboro, PA 17268"
15,549 Lake View Dr.
16,"Garland, TX 75043"
17,314 N. Gulf Lane
18,"Hollywood, FL 33020"
19,3 Cooper Street
20,"Coventry, RI 02816"
21,53 E. Marvon St.
22,"Jamaica Plain, MA 02130"
23,15 Indian Summer St.
24,"Canton, GA 30114"
25,1 Rockville Ave.
26,"Piedmont, SC 29673"
27,154 Galvin Ave.
28,"Savannah, GA 31404"
29,56 Annadale Dr.
30,"Lititz, PA 17543"
31,7285 Locust Drive
32,"Jackson Heights, NY 11372"
33,935 West Ave.
34,"Columbus, GA 31904"
35,720 Summerhouse Street
36,"Maryville, TN 37803"
37,139 N. Grand St.
38,"Irwin, PA 15642"
39,400 Amerige St.
40,"Evans, GA 30809"
41,225 Iroquois St.
42,"Vienna, VA 22180"
43,44 Ocean Ave.
44,"Long Beach, NY 11561"
45,192 West Foster St.
46,"Long Branch, NJ 07740"
47,43 SE. Cross Court
48,"Centereach, NY 11720"
49,946 Yukon Lane
50,"Winter Springs, FL 32708"
51,330 Poplar Lane
52,"Titusville, FL 32780"
53,626 Leatherwood St.
54,"Lynn, MA 01902"
55,9971 N. Rockville Avenue
56,"Duluth, GA 30096"
57,9542 Sutor Drive
58,"Phoenixville, PA 19460"
59,299 E. George St.
60,"Westport, CT 06880"
61,7671 Tunnel Street
62,"Fair Lawn, NJ 07410"
63,41 Harvard Drive
64,"Windsor, CT 06095"
65,7219 Prospect Drive
66,"Rolla, MO 65401"
67,697 Cypress Lane
68,"Arlington Heights, IL 60004"
69,7762 North County St.
70,"Holly Springs, NC 27540"
71,7773 Ridge Dr.
72,"New Haven, CT 06511"
73,551 Spruce St.
74,"Mount Holly, NJ 08060"
75,116 Woodside St.
76,"Bridgewater, NJ 08807"
77,9817 Manor St.
78,"West Des Moines, IA 50265"
79,9 Prince Street
80,"Brookline, MA 02446"
81,549 Marvon St.
82,"Dundalk, MD 21222"
83,1 Theatre Drive
84,"Lumberton, NC 28358"
85,673 Hamilton Road
86,"Farmingdale, NY 11735"
87,9662 Bay Ave.
88,"Hamburg, NY 14075"
89,8604 Fairfield Ave.
90,"Wisconsin Rapids, WI 54494"
91,56 Vale St.
92,"Mount Juliet, TN 37122"
93,9523 Linda Lane
94,"Tullahoma, TN 37388"
95,3 Ashley Ave.
96,"Ann Arbor, MI 48103"
97,9851 East Prince Street
98,"Dothan, AL 36301"
99,8329 North Greenview St.
