id,name,last_name,middlename,document_id,address_id,company_id,jobname_id,phone,email,start_date
1,Alonso,Hopkins,Caleb,1,1,1,1,(970 383/8933,skippy@icloud.com,
2,Kaydence,Sellers,Susannah,2,2,2,2,(867 708/4447,isotopian@sbcglobal.net,
3,Finnegan,Bray,Brighton,3,3,3,3,(221 428/7850,isaacson@att.net,
4,Gideon,Arias,Varian,4,4,4,4,(786 274/7872,mugwump@mac.com,
5,Case,Schultz,Aiden,5,5,5,5,(365 752/6445,mcmillan@optonline.net,
6,Pierre,Alvarado,Harriet,6,6,6,6,(446 639/6043,dinther@hotmail.com,
7,Esteban,Bell,Cameron,7,7,7,7,(555 444/8316,pizza@yahoo.com,
8,Spencer,Anderson,Meaghan,8,8,8,8,(392 682/4442,murty@outlook.com,
9,Seth,Sweeney,Jax,9,9,9,9,(836 429/0386,aegreene@me.com,
10,Lincoln,Mason,Emeline,10,10,10,10,(283 945/3092,jnolan@aol.com,
11,Lindsay,Curtis,Syllable,11,11,11,11,(621 359/3669,msherr@optonline.net,
12,Noah,Daugherty,Thomas,12,12,12,12,(440 561/0314,ranasta@icloud.com,
13,Darien,Sellers,Nadeen,13,13,13,13,(331 918/2434,punkis@hotmail.com,
14,Jaylene,Schneider,Xavier,14,14,14,14,(944 627/0176,pereinar@yahoo.com,
15,Leonard,Schmitt,Vincent,15,15,15,15,(621 405/7195,tskirvin@mac.com,
16,Maya,Richardson,Heath,16,16,16,16,(837 639/1067,kewley@sbcglobal.net,
17,Thalia,Delacruz,Caprice,17,17,17,17,(769 610/7084,ehood@icloud.com,
18,Maci,Baird,Dustin,18,18,18,18,(308 686/7622,ilial@aol.com,
19,Ace,Stephenson,Amity,19,19,19,19,(319 872/3287,elmer@comcast.net,
20,Robert,Castro,Isaiah,20,20,20,20,(341 620/5356,scarolan@live.com,
21,Efrain,Stark,Jared,21,21,21,21,(266 561/7456,bwcarty@yahoo.com,
22,Katelynn,Montgomery,Drake,22,22,22,22,(408 673/0059,facet@outlook.com,
23,Sammy,Freeman,Lane,23,23,23,23,(906 825/5704,metzzo@att.net,
24,Jamal,Stokes,Rayleen,24,24,24,24,(866 732/4338,slaff@aol.com,
25,Lilliana,Bell,Quintin,25,25,25,25,(744 876/9856,caidaperl@mac.com,
26,Jaidyn,Ali,Kaitlin,26,26,26,26,(872 230/3310,jigsaw@verizon.net,
27,Solomon,Nixon,Jolee,27,27,27,27,(572 467/2895,hoyer@optonline.net,
28,Isaias,Mcdowell,Kalan,28,28,28,28,(451 768/6075,danneng@msn.com,
29,Neveah,Dean,Evony,29,29,29,29,(555 802/6671,burniske@outlook.com,
30,Koen,Waters,Abraham,30,30,30,30,(833 460/5788,jipsen@sbcglobal.net,
31,Cale,Odom,Ann,31,31,31,31,(234 895/8976,agapow@hotmail.com,
32,Layton,Ruiz,Aryn,32,32,32,32,(682 469/8567,mobileip@icloud.com,
33,Monserrat,Patrick,Coralie,33,33,33,33,(682 555/7940,mglee@yahoo.com,
34,Kamden,Hardin,Ray,34,34,34,34,(575 985/7625,animats@yahoo.ca,
35,Janiya,Neal,Irene,35,35,35,35,(313 507/8540,drewf@me.com,
36,Cornelius,Winters,James,36,36,36,36,(608 783/0267,slanglois@msn.com,
37,Kaden,Love,Neil,37,37,37,37,(688 656/7203,notaprguy@verizon.net,
38,Finley,Mills,Ace,38,38,38,38,(530 402/7915,yruan@sbcglobal.net,
39,Markus,Henry,Edward,39,39,39,39,(262 635/2834,bmorrow@me.com,
40,Romeo,Singleton,Preston,40,40,40,40,(487 957/3536,adillon@verizon.net,
41,Ethen,Glenn,Kate,41,41,41,41,(918 285/4740,kimvette@me.com,
42,Abbey,Gordon,Berlynn,42,42,42,42,(412 706/8937,emcleod@outlook.com,
43,Presley,Vasquez,Sheridan,43,43,43,43,(454 353/8089,stomv@aol.com,
44,Alexis,Levine,Juan,44,44,44,44,(623 716/7237,msusa@comcast.net,
45,Steve,Miles,Lydon,45,45,45,45,(594 615/8545,dougj@yahoo.com,
46,Kayley,Cuevas,Tyson,46,46,46,46,(647 885/2301,jlbaumga@gmail.com,
47,Annabelle,Hebert,Annora,47,47,47,47,(822 693/3953,temmink@mac.com,
48,Carolina,Casey,Timothy,48,48,48,48,(887 236/8493,nighthawk@msn.com,
49,Beckham,Roach,Elias,49,49,49,49,(531 597/0196,qmacro@outlook.com,
50,Seamus,Pugh,Jackson,50,50,50,50,(506 774/1574,stewwy@att.net,
51,Imani,Calderon,Sullivan,51,51,51,51,(639 813/8035,blixem@msn.com,
52,Marisol,Roach,Dezi,52,52,52,52,(883 455/5204,mccurley@optonline.net,
53,Kane,Jacobson,Emerson,53,53,53,53,(833 914/4764,jacks@mac.com,
54,Anya,Higgins,Erin,54,54,54,54,(810 945/3933,nwiger@att.net,
55,Branson,Richard,Linnea,55,55,55,55,(995 610/9002,muadip@me.com,
56,Kyle,Mathis,Raine,56,56,56,56,(394 581/3937,gavinls@yahoo.com,
57,Jamiya,Cross,Trevor,57,57,57,57,(732 375/2363,nicktrig@me.com,
58,Selah,Keller,Merle,58,58,58,58,(587 444/2070,lbecchi@me.com,
59,Larry,Watson,Blayne,59,59,59,59,(845 438/1802,willg@att.net,
60,Braeden ,Shea,Abe,60,60,60,60,(320 478/3865,rnelson@yahoo.com,
61,Allisson ,Woodard,Joan,61,61,61,61,(486 828/8733,roesch@aol.com,
62,Amy ,Garner,Tanner,62,62,62,62,(497 215/8724,pthomsen@verizon.net,
63,Saniyah ,Choi,Debree,63,63,63,63,(399 887/3591,itstatus@yahoo.ca,
64,Reagan ,Simmons,Sharon,64,64,64,64,(205 278/4756,marcs@verizon.net,
65,Coby ,Robertson,Juliet,65,65,65,65,(260 814/7458,tellis@yahoo.ca,
66,Dakota ,Haney,Marguerite,66,66,66,66,(302 844/3480,scotfl@att.net,
67,Malia ,Rivas,Louis,67,67,67,67,(449 380/7477,jramio@optonline.net,
68,Lily ,Green,Lynn,68,68,68,68,(280 214/8022,mastinfo@gmail.com,
69,Reilly ,Nielsen,Marcella,69,69,69,69,(967 763/6475,ateniese@outlook.com,
70,Ryleigh ,Brooks,Leonie,70,70,70,70,(625 810/5235,ismail@hotmail.com,
71,Brendan ,Ewing,Adele,71,71,71,71,+7.975) 483@5566,oechslin@optonline.net,
72,Cheyenne ,Kirk,Julian,72,72,72,72,+7.718) 850@2518,jugalator@att.net,
73,Jacoby ,Rojas,Rose,73,73,73,73,+7.550) 645@2520,subir@verizon.net,
74,Keshawn ,Cummings,Paul,74,74,74,74,+7.551) 270@4620,bryam@verizon.net,
75,Mohammed ,Crawford,Amelia,75,75,75,75,+7.489) 444@3438,jpflip@optonline.net,
76,Nancy ,Bryan,Devon,76,76,76,76,+7.401) 862@1637,mgemmons@comcast.net,
77,Maxwell ,Lynn,Ellory,77,77,77,77,+7.507) 625@4900,csilvers@icloud.com,
78,Zack ,Khan,Gabriel,78,78,78,78,+7.458) 566@0054,karasik@msn.com,
79,Selina ,Walls,Ashten,79,79,79,79,+7.979) 346@6593,wetter@yahoo.ca,
80,Jerry ,Garner,Everett,80,80,80,80,+7.320) 547@9952,thassine@me.com,
81,Kaila ,Carroll,Grey,81,81,81,81,+7.429) 809@1931,sassen@msn.com,
82,Sean ,Conway,Garrison,82,82,82,82,+7.464) 285@9954,jandrese@yahoo.ca,
83,Makaila ,Cantu,Fernando,83,83,83,83,+7.748) 461@4491,tmccarth@live.com,
84,Jacquelyn ,Mccall,Sherleen,84,84,84,84,+7.578) 935@1637,gtewari@icloud.com,
85,Milton ,Swanson,Chase,85,85,85,85,+7.927) 652@4631,hampton@yahoo.com,
86,Rodolfo ,Lynn,Zion,86,86,86,86,+7.595) 615@6057,jesse@me.com,
87,Paula ,Walls,Breean,87,87,87,87,+7.751) 240@3137,jugalator@me.com,
88,Adison ,Olson,Henry,88,88,88,88,+7.626) 974@2035,bhima@sbcglobal.net,
89,Jacob ,Haynes,Marcellus,89,89,89,89,+7.201) 979@1451,gommix@comcast.net,
90,Corinne ,Roberts,Suzan,90,90,90,90,+7.493) 219@3942,symbolic@verizon.net,
91,Aimee ,Ewing,Lane,91,91,91,91,+7.407) 485@5030,bruck@outlook.com,
92,Alejandro ,Cordova,Hollyn,92,92,92,92,+7.919) 478@2497,jeteve@optonline.net,
93,Byron ,Haynes,Bram,93,93,93,93,+7.482) 802@9580,jsnover@comcast.net,
94,Genevieve ,Keith,David,94,94,94,94,+7.455) 944@6449,hakim@comcast.net,
95,Dane ,Obrien,Shane,95,95,95,95,+7.710) 388@2563,dexter@sbcglobal.net,
96,Nayeli ,Church,Kent,96,96,96,96,+7.759) 452@3846,jlbaumga@hotmail.com,
97,Ashtyn ,Jimenez,Rhett,97,97,97,97,+7.687) 801@1332,djupedal@hotmail.com,
98,Kimberly ,Wilkerson,Carelyn,98,98,98,98,+7.691) 336@3494,daveewart@verizon.net,
99,Tripp ,Curtis,Apollo,99,99,99,99,+7.493) 274@3888,msherr@sbcglobal.net,
